title,company,location,date,url,page
Senior Python Developer,"Payne, Roberts and Davis","Stewartbury, AA",N/A,https://realpython.github.io/fake-jobs/jobs/senior-python-developer-0.html,1
Energy engineer,Vasquez-Davidson,"Christopherville, AA",N/A,https://realpython.github.io/fake-jobs/jobs/energy-engineer-1.html,1
Legal executive,"Jackson, Chambers and Levy","Port Ericaburgh, AA",N/A,https://realpython.github.io/fake-jobs/jobs/legal-executive-2.html,1
Fitness centre manager,Savage-Bradley,"East Seanview, AP",N/A,https://realpython.github.io/fake-jobs/jobs/fitness-centre-manager-3.html,1
Product manager,Ramirez Inc,"North Jamieview, AP",N/A,https://realpython.github.io/fake-jobs/jobs/product-manager-4.html,1
Medical technical officer,Rogers-Yates,"Davidville, AP",N/A,https://realpython.github.io/fake-jobs/jobs/medical-technical-officer-5.html,1
Physiological scientist,Kramer-Klein,"South Christopher, AE",N/A,https://realpython.github.io/fake-jobs/jobs/physiological-scientist-6.html,1
Textile designer,Meyers-Johnson,"Port Jonathan, AE",N/A,https://realpython.github.io/fake-jobs/jobs/textile-designer-7.html,1
Television floor manager,Hughes-Williams,"Osbornetown, AE",N/A,https://realpython.github.io/fake-jobs/jobs/television-floor-manager-8.html,1
Waste management officer,"Jones, Williams and Villa","Scotttown, AP",N/A,https://realpython.github.io/fake-jobs/jobs/waste-management-officer-9.html,1
Software Engineer (Python),Garcia PLC,"Ericberg, AE",N/A,https://realpython.github.io/fake-jobs/jobs/software-engineer-python-10.html,1
Interpreter,Gregory and Sons,"Ramireztown, AE",N/A,https://realpython.github.io/fake-jobs/jobs/interpreter-11.html,1
Architect,"Clark, Garcia and Sosa","Figueroaview, AA",N/A,https://realpython.github.io/fake-jobs/jobs/architect-12.html,1
Meteorologist,Bush PLC,"Kelseystad, AA",N/A,https://realpython.github.io/fake-jobs/jobs/meteorologist-13.html,1
Audiological scientist,Salazar-Meyers,"Williamsburgh, AE",N/A,https://realpython.github.io/fake-jobs/jobs/audiological-scientist-14.html,1
English as a second language teacher,"Parker, Murphy and Brooks","Mitchellburgh, AE",N/A,https://realpython.github.io/fake-jobs/jobs/english-as-a-second-language-teacher-15.html,1
Surgeon,Cruz-Brown,"West Jessicabury, AA",N/A,https://realpython.github.io/fake-jobs/jobs/surgeon-16.html,1
Equities trader,Macdonald-Ferguson,"Maloneshire, AE",N/A,https://realpython.github.io/fake-jobs/jobs/equities-trader-17.html,1
Newspaper journalist,"Williams, Peterson and Rojas","Johnsonton, AA",N/A,https://realpython.github.io/fake-jobs/jobs/newspaper-journalist-18.html,1
Materials engineer,Smith and Sons,"South Davidtown, AP",N/A,https://realpython.github.io/fake-jobs/jobs/materials-engineer-19.html,1
Python Programmer (Entry-Level),"Moss, Duncan and Allen","Port Sara, AE",N/A,https://realpython.github.io/fake-jobs/jobs/python-programmer-entry-level-20.html,1
Product/process development scientist,Gomez-Carroll,"Marktown, AA",N/A,https://realpython.github.io/fake-jobs/jobs/product-process-development-scientist-21.html,1
"Scientist, research (maths)","Manning, Welch and Herring","Laurenland, AE",N/A,https://realpython.github.io/fake-jobs/jobs/scientist-research-maths-22.html,1
Ecologist,"Lee, Gutierrez and Brown","Lauraton, AP",N/A,https://realpython.github.io/fake-jobs/jobs/ecologist-23.html,1
Materials engineer,"Davis, Serrano and Cook","South Tammyberg, AP",N/A,https://realpython.github.io/fake-jobs/jobs/materials-engineer-24.html,1
Historic buildings inspector/conservation officer,Smith LLC,"North Brandonville, AP",N/A,https://realpython.github.io/fake-jobs/jobs/historic-buildings-inspector-conservation-officer-25.html,1
Data scientist,Thomas Group,"Port Robertfurt, AA",N/A,https://realpython.github.io/fake-jobs/jobs/data-scientist-26.html,1
Psychiatrist,Silva-King,"Burnettbury, AE",N/A,https://realpython.github.io/fake-jobs/jobs/psychiatrist-27.html,1
Structural engineer,Pierce-Long,"Herbertside, AA",N/A,https://realpython.github.io/fake-jobs/jobs/structural-engineer-28.html,1
Immigration officer,Walker-Simpson,"Christopherport, AP",N/A,https://realpython.github.io/fake-jobs/jobs/immigration-officer-29.html,1
Python Programmer (Entry-Level),Cooper and Sons,"West Victor, AE",N/A,https://realpython.github.io/fake-jobs/jobs/python-programmer-entry-level-30.html,1
Neurosurgeon,"Donovan, Gonzalez and Figueroa","Port Aaron, AP",N/A,https://realpython.github.io/fake-jobs/jobs/neurosurgeon-31.html,1
Broadcast engineer,"Morgan, Butler and Bennett","Loribury, AA",N/A,https://realpython.github.io/fake-jobs/jobs/broadcast-engineer-32.html,1
Make,Snyder-Lee,"Angelastad, AP",N/A,https://realpython.github.io/fake-jobs/jobs/make-33.html,1
"Nurse, adult",Harris PLC,"Larrytown, AE",N/A,https://realpython.github.io/fake-jobs/jobs/nurse-adult-34.html,1
Air broker,Washington PLC,"West Colin, AP",N/A,https://realpython.github.io/fake-jobs/jobs/air-broker-35.html,1
"Editor, film/video","Brown, Price and Campbell","West Stephanie, AP",N/A,https://realpython.github.io/fake-jobs/jobs/editor-film-video-36.html,1
"Production assistant, radio",Mcgee PLC,"Laurentown, AP",N/A,https://realpython.github.io/fake-jobs/jobs/production-assistant-radio-37.html,1
"Engineer, communications",Dixon Inc,"Wrightberg, AP",N/A,https://realpython.github.io/fake-jobs/jobs/engineer-communications-38.html,1
Sales executive,"Thompson, Sheppard and Ward","Alberttown, AE",N/A,https://realpython.github.io/fake-jobs/jobs/sales-executive-39.html,1
Software Developer (Python),Adams-Brewer,"Brockburgh, AE",N/A,https://realpython.github.io/fake-jobs/jobs/software-developer-python-40.html,1
Futures trader,Schneider-Brady,"North Jason, AE",N/A,https://realpython.github.io/fake-jobs/jobs/futures-trader-41.html,1
Tour manager,Gonzales-Frank,"Arnoldhaven, AE",N/A,https://realpython.github.io/fake-jobs/jobs/tour-manager-42.html,1
Cytogeneticist,Smith-Wong,"Lake Destiny, AP",N/A,https://realpython.github.io/fake-jobs/jobs/cytogeneticist-43.html,1
"Designer, multimedia",Pierce-Herrera,"South Timothyburgh, AP",N/A,https://realpython.github.io/fake-jobs/jobs/designer-multimedia-44.html,1
Trade union research officer,"Aguilar, Rivera and Quinn","New Jimmyton, AE",N/A,https://realpython.github.io/fake-jobs/jobs/trade-union-research-officer-45.html,1
"Chemist, analytical","Lowe, Barnes and Thomas","New Lucasbury, AP",N/A,https://realpython.github.io/fake-jobs/jobs/chemist-analytical-46.html,1
"Programmer, multimedia","Lewis, Gonzalez and Vasquez","Port Cory, AE",N/A,https://realpython.github.io/fake-jobs/jobs/programmer-multimedia-47.html,1
"Engineer, broadcasting (operations)",Taylor PLC,"Gileston, AA",N/A,https://realpython.github.io/fake-jobs/jobs/engineer-broadcasting-operations-48.html,1
"Teacher, primary school","Oliver, Jones and Ramirez","Cindyshire, AA",N/A,https://realpython.github.io/fake-jobs/jobs/teacher-primary-school-49.html,1
Python Developer,Rivera and Sons,"East Michaelfort, AA",N/A,https://realpython.github.io/fake-jobs/jobs/python-developer-50.html,1
Manufacturing systems engineer,Garcia PLC,"Joybury, AE",N/A,https://realpython.github.io/fake-jobs/jobs/manufacturing-systems-engineer-51.html,1
"Producer, television/film/video","Johnson, Wells and Kramer","Emmatown, AE",N/A,https://realpython.github.io/fake-jobs/jobs/producer-television-film-video-52.html,1
"Scientist, forensic",Gonzalez LLC,"Colehaven, AP",N/A,https://realpython.github.io/fake-jobs/jobs/scientist-forensic-53.html,1
Bonds trader,"Morgan, White and Macdonald","Port Coryton, AE",N/A,https://realpython.github.io/fake-jobs/jobs/bonds-trader-54.html,1
Editorial assistant,Robinson-Fitzpatrick,"Amyborough, AA",N/A,https://realpython.github.io/fake-jobs/jobs/editorial-assistant-55.html,1
Photographer,"Waters, Wilson and Hoover","Reynoldsville, AA",N/A,https://realpython.github.io/fake-jobs/jobs/photographer-56.html,1
Retail banker,Hill LLC,"Port Billy, AP",N/A,https://realpython.github.io/fake-jobs/jobs/retail-banker-57.html,1
Jewellery designer,Li-Gregory,"Adamburgh, AA",N/A,https://realpython.github.io/fake-jobs/jobs/jewellery-designer-58.html,1
Ophthalmologist,"Fisher, Ryan and Coleman","Wilsonmouth, AA",N/A,https://realpython.github.io/fake-jobs/jobs/ophthalmologist-59.html,1
"Back-End Web Developer (Python, Django)",Stewart-Alexander,"South Kimberly, AA",N/A,https://realpython.github.io/fake-jobs/jobs/back-end-web-developer-python-django-60.html,1
Licensed conveyancer,Abbott and Sons,"Benjaminland, AP",N/A,https://realpython.github.io/fake-jobs/jobs/licensed-conveyancer-61.html,1
Futures trader,"Bryant, Santana and Davenport","Zacharyport, AA",N/A,https://realpython.github.io/fake-jobs/jobs/futures-trader-62.html,1
Counselling psychologist,Smith PLC,"Port Devonville, AE",N/A,https://realpython.github.io/fake-jobs/jobs/counselling-psychologist-63.html,1
Insurance underwriter,Patterson-Singh,"East Thomas, AE",N/A,https://realpython.github.io/fake-jobs/jobs/insurance-underwriter-64.html,1
"Engineer, automotive",Martinez-Berry,"New Jeffrey, AP",N/A,https://realpython.github.io/fake-jobs/jobs/engineer-automotive-65.html,1
"Producer, radio","May, Taylor and Fisher","Davidside, AA",N/A,https://realpython.github.io/fake-jobs/jobs/producer-radio-66.html,1
Dispensing optician,"Bailey, Owen and Thompson","Jamesville, AA",N/A,https://realpython.github.io/fake-jobs/jobs/dispensing-optician-67.html,1
"Designer, fashion/clothing",Vasquez Ltd,"New Kelly, AP",N/A,https://realpython.github.io/fake-jobs/jobs/designer-fashion-clothing-68.html,1
Chartered loss adjuster,Leblanc LLC,"Lake Antonio, AA",N/A,https://realpython.github.io/fake-jobs/jobs/chartered-loss-adjuster-69.html,1
"Back-End Web Developer (Python, Django)","Jackson, Ali and Mckee","New Elizabethside, AA",N/A,https://realpython.github.io/fake-jobs/jobs/back-end-web-developer-python-django-70.html,1
Forest/woodland manager,"Blankenship, Knight and Powell","Millsbury, AE",N/A,https://realpython.github.io/fake-jobs/jobs/forest-woodland-manager-71.html,1
Clinical cytogeneticist,"Patton, Haynes and Jones","Lloydton, AP",N/A,https://realpython.github.io/fake-jobs/jobs/clinical-cytogeneticist-72.html,1
Print production planner,Wood Inc,"Port Jeremy, AA",N/A,https://realpython.github.io/fake-jobs/jobs/print-production-planner-73.html,1
Systems developer,Collins Group,"New Elizabethtown, AA",N/A,https://realpython.github.io/fake-jobs/jobs/systems-developer-74.html,1
Graphic designer,Flores-Nelson,"Charlesstad, AE",N/A,https://realpython.github.io/fake-jobs/jobs/graphic-designer-75.html,1
Writer,"Mitchell, Jones and Olson","Josephbury, AE",N/A,https://realpython.github.io/fake-jobs/jobs/writer-76.html,1
Field seismologist,Howard Group,"Seanfurt, AA",N/A,https://realpython.github.io/fake-jobs/jobs/field-seismologist-77.html,1
Chief Strategy Officer,Kramer-Edwards,"Williambury, AA",N/A,https://realpython.github.io/fake-jobs/jobs/chief-strategy-officer-78.html,1
Air cabin crew,Berry-Houston,"South Jorgeside, AP",N/A,https://realpython.github.io/fake-jobs/jobs/air-cabin-crew-79.html,1
Python Programmer (Entry-Level),Mathews Inc,"Robertborough, AP",N/A,https://realpython.github.io/fake-jobs/jobs/python-programmer-entry-level-80.html,1
Warden/ranger,Riley-Johnson,"South Saratown, AP",N/A,https://realpython.github.io/fake-jobs/jobs/warden-ranger-81.html,1
Sports therapist,Spencer and Sons,"Hullview, AA",N/A,https://realpython.github.io/fake-jobs/jobs/sports-therapist-82.html,1
Arts development officer,Camacho-Sanchez,"Philipland, AP",N/A,https://realpython.github.io/fake-jobs/jobs/arts-development-officer-83.html,1
Printmaker,Oliver and Sons,"North Patty, AE",N/A,https://realpython.github.io/fake-jobs/jobs/printmaker-84.html,1
Health and safety adviser,Eaton PLC,"North Stephen, AE",N/A,https://realpython.github.io/fake-jobs/jobs/health-and-safety-adviser-85.html,1
Manufacturing systems engineer,Stanley-Frederick,"Stevensland, AP",N/A,https://realpython.github.io/fake-jobs/jobs/manufacturing-systems-engineer-86.html,1
"Programmer, applications",Bradley LLC,"Reyesstad, AE",N/A,https://realpython.github.io/fake-jobs/jobs/programmer-applications-87.html,1
Medical physicist,"Parker, Goodwin and Zavala","Bellberg, AP",N/A,https://realpython.github.io/fake-jobs/jobs/medical-physicist-88.html,1
Media planner,Kim-Miles,"North Johnland, AE",N/A,https://realpython.github.io/fake-jobs/jobs/media-planner-89.html,1
Software Developer (Python),Moreno-Rodriguez,"Martinezburgh, AE",N/A,https://realpython.github.io/fake-jobs/jobs/software-developer-python-90.html,1
"Surveyor, land/geomatics",Brown-Ortiz,"Joshuatown, AE",N/A,https://realpython.github.io/fake-jobs/jobs/surveyor-land-geomatics-91.html,1
Legal executive,Hartman PLC,"West Ericstad, AA",N/A,https://realpython.github.io/fake-jobs/jobs/legal-executive-92.html,1
"Librarian, academic",Brooks Inc,"Tuckertown, AE",N/A,https://realpython.github.io/fake-jobs/jobs/librarian-academic-93.html,1
Barrister,Washington-Castillo,"Perezton, AE",N/A,https://realpython.github.io/fake-jobs/jobs/barrister-94.html,1
Museum/gallery exhibitions officer,"Nguyen, Yoder and Petty","Lake Abigail, AE",N/A,https://realpython.github.io/fake-jobs/jobs/museum-gallery-exhibitions-officer-95.html,1
"Radiographer, diagnostic",Holder LLC,"Jacobshire, AP",N/A,https://realpython.github.io/fake-jobs/jobs/radiographer-diagnostic-96.html,1
Database administrator,Yates-Ferguson,"Port Susan, AE",N/A,https://realpython.github.io/fake-jobs/jobs/database-administrator-97.html,1
Furniture designer,Ortega-Lawrence,"North Tiffany, AA",N/A,https://realpython.github.io/fake-jobs/jobs/furniture-designer-98.html,1
Ship broker,"Fuentes, Walls and Castro","Michelleville, AP",N/A,https://realpython.github.io/fake-jobs/jobs/ship-broker-99.html,1
